segment_id,participant,grid_position,label,original_file,segment_length
0,participant1,0,0,P01_trial0001.csv,31
1,participant1,0,0,P01_trial0001.csv,31
2,participant1,0,0,P01_trial0001.csv,31
3,participant1,0,0,P01_trial0001.csv,31
4,participant1,0,0,P01_trial0001.csv,31
5,participant1,0,0,P01_trial0001.csv,31
6,participant1,0,0,P01_trial0001.csv,31
7,participant1,0,0,P01_trial0001.csv,31
8,participant1,0,0,P01_trial0001.csv,31
9,participant1,0,0,P01_trial0001.csv,31
10,participant1,0,0,P01_trial0001.csv,31
11,participant1,0,0,P01_trial0001.csv,31
12,participant1,0,0,P01_trial0001.csv,31
13,participant1,0,0,P01_trial0001.csv,31
14,participant1,0,0,P01_trial0001.csv,31
15,participant1,0,0,P01_trial0001.csv,31
16,participant1,0,0,P01_trial0001.csv,31
17,participant1,0,0,P01_trial0001.csv,31
18,participant1,0,0,P01_trial0001.csv,31
19,participant1,0,0,P01_trial0001.csv,31
20,participant1,0,0,P01_trial0001.csv,31
21,participant1,0,0,P01_trial0001.csv,31
22,participant1,0,0,P01_trial0001.csv,31
23,participant1,0,0,P01_trial0001.csv,31
24,participant1,0,0,P01_trial0001.csv,31
25,participant1,0,0,P01_trial0001.csv,31
26,participant1,0,0,P01_trial0001.csv,31
27,participant1,0,0,P01_trial0001.csv,31
28,participant1,0,0,P01_trial0001.csv,31
29,participant1,1,1,P01_trial0002.csv,31
30,participant1,1,1,P01_trial0002.csv,31
31,participant1,1,1,P01_trial0002.csv,31
32,participant1,1,1,P01_trial0002.csv,31
33,participant1,1,1,P01_trial0002.csv,31
34,participant1,1,1,P01_trial0002.csv,31
35,participant1,1,1,P01_trial0002.csv,31
36,participant1,1,1,P01_trial0002.csv,31
37,participant1,1,1,P01_trial0002.csv,31
38,participant1,1,1,P01_trial0002.csv,31
39,participant1,1,1,P01_trial0002.csv,31
40,participant1,1,1,P01_trial0002.csv,31
41,participant1,1,1,P01_trial0002.csv,31
42,participant1,1,1,P01_trial0002.csv,31
43,participant1,1,1,P01_trial0002.csv,31
44,participant1,1,1,P01_trial0002.csv,31
45,participant1,1,1,P01_trial0002.csv,31
46,participant1,1,1,P01_trial0002.csv,31
47,participant1,1,1,P01_trial0002.csv,31
48,participant1,1,1,P01_trial0002.csv,31
49,participant1,1,1,P01_trial0002.csv,31
50,participant1,1,1,P01_trial0002.csv,31
51,participant1,1,1,P01_trial0002.csv,31
52,participant1,1,1,P01_trial0002.csv,31
53,participant1,1,1,P01_trial0002.csv,31
54,participant1,1,1,P01_trial0002.csv,31
55,participant1,1,1,P01_trial0002.csv,31
56,participant1,1,1,P01_trial0002.csv,31
57,participant1,1,1,P01_trial0002.csv,31
58,participant1,2,2,P01_trial0003.csv,31
59,participant1,2,2,P01_trial0003.csv,31
60,participant1,2,2,P01_trial0003.csv,31
61,participant1,2,2,P01_trial0003.csv,31
62,participant1,2,2,P01_trial0003.csv,31
63,participant1,2,2,P01_trial0003.csv,31
64,participant1,2,2,P01_trial0003.csv,31
65,participant1,2,2,P01_trial0003.csv,31
66,participant1,2,2,P01_trial0003.csv,31
67,participant1,2,2,P01_trial0003.csv,31
68,participant1,2,2,P01_trial0003.csv,31
69,participant1,2,2,P01_trial0003.csv,31
70,participant1,2,2,P01_trial0003.csv,31
71,participant1,2,2,P01_trial0003.csv,31
72,participant1,2,2,P01_trial0003.csv,31
73,participant1,2,2,P01_trial0003.csv,31
74,participant1,2,2,P01_trial0003.csv,31
75,participant1,2,2,P01_trial0003.csv,31
76,participant1,2,2,P01_trial0003.csv,31
77,participant1,2,2,P01_trial0003.csv,31
78,participant1,2,2,P01_trial0003.csv,31
79,participant1,2,2,P01_trial0003.csv,31
80,participant1,2,2,P01_trial0003.csv,31
81,participant1,2,2,P01_trial0003.csv,31
82,participant1,2,2,P01_trial0003.csv,31
83,participant1,2,2,P01_trial0003.csv,31
84,participant1,2,2,P01_trial0003.csv,31
85,participant1,2,2,P01_trial0003.csv,31
86,participant1,2,2,P01_trial0003.csv,31
87,participant1,3,3,P01_trial0004.csv,31
88,participant1,3,3,P01_trial0004.csv,31
89,participant1,3,3,P01_trial0004.csv,31
90,participant1,3,3,P01_trial0004.csv,31
91,participant1,3,3,P01_trial0004.csv,31
92,participant1,3,3,P01_trial0004.csv,31
93,participant1,3,3,P01_trial0004.csv,31
94,participant1,3,3,P01_trial0004.csv,31
95,participant1,3,3,P01_trial0004.csv,31
96,participant1,3,3,P01_trial0004.csv,31
97,participant1,3,3,P01_trial0004.csv,31
98,participant1,3,3,P01_trial0004.csv,31
99,participant1,3,3,P01_trial0004.csv,31
100,participant1,3,3,P01_trial0004.csv,31
101,participant1,3,3,P01_trial0004.csv,31
102,participant1,3,3,P01_trial0004.csv,31
103,participant1,3,3,P01_trial0004.csv,31
104,participant1,3,3,P01_trial0004.csv,31
105,participant1,3,3,P01_trial0004.csv,31
106,participant1,3,3,P01_trial0004.csv,31
107,participant1,3,3,P01_trial0004.csv,31
108,participant1,3,3,P01_trial0004.csv,31
109,participant1,3,3,P01_trial0004.csv,31
110,participant1,3,3,P01_trial0004.csv,31
111,participant1,3,3,P01_trial0004.csv,31
112,participant1,4,4,P01_trial0005.csv,31
113,participant1,4,4,P01_trial0005.csv,31
114,participant1,4,4,P01_trial0005.csv,31
115,participant1,4,4,P01_trial0005.csv,31
116,participant1,4,4,P01_trial0005.csv,31
117,participant1,4,4,P01_trial0005.csv,31
118,participant1,4,4,P01_trial0005.csv,31
119,participant1,4,4,P01_trial0005.csv,31
120,participant1,4,4,P01_trial0005.csv,31
121,participant1,4,4,P01_trial0005.csv,31
122,participant1,4,4,P01_trial0005.csv,31
123,participant1,4,4,P01_trial0005.csv,31
124,participant1,4,4,P01_trial0005.csv,31
125,participant1,4,4,P01_trial0005.csv,31
126,participant1,4,4,P01_trial0005.csv,31
127,participant1,4,4,P01_trial0005.csv,31
128,participant1,4,4,P01_trial0005.csv,31
129,participant1,4,4,P01_trial0005.csv,31
130,participant1,4,4,P01_trial0005.csv,31
131,participant1,4,4,P01_trial0005.csv,31
132,participant1,4,4,P01_trial0005.csv,31
133,participant1,4,4,P01_trial0005.csv,31
134,participant1,4,4,P01_trial0005.csv,31
135,participant1,5,5,P01_trial0006.csv,31
136,participant1,5,5,P01_trial0006.csv,31
137,participant1,5,5,P01_trial0006.csv,31
138,participant1,5,5,P01_trial0006.csv,31
139,participant1,5,5,P01_trial0006.csv,31
140,participant1,5,5,P01_trial0006.csv,31
141,participant1,5,5,P01_trial0006.csv,31
142,participant1,5,5,P01_trial0006.csv,31
143,participant1,5,5,P01_trial0006.csv,31
144,participant1,5,5,P01_trial0006.csv,31
145,participant1,5,5,P01_trial0006.csv,31
146,participant1,5,5,P01_trial0006.csv,31
147,participant1,5,5,P01_trial0006.csv,31
148,participant1,5,5,P01_trial0006.csv,31
149,participant1,5,5,P01_trial0006.csv,31
150,participant1,5,5,P01_trial0006.csv,31
151,participant1,5,5,P01_trial0006.csv,31
152,participant1,5,5,P01_trial0006.csv,31
153,participant1,5,5,P01_trial0006.csv,31
154,participant1,5,5,P01_trial0006.csv,31
155,participant1,5,5,P01_trial0006.csv,31
156,participant1,5,5,P01_trial0006.csv,31
157,participant1,6,6,P01_trial0007.csv,31
158,participant1,6,6,P01_trial0007.csv,31
159,participant1,6,6,P01_trial0007.csv,31
160,participant1,6,6,P01_trial0007.csv,31
161,participant1,6,6,P01_trial0007.csv,31
162,participant1,6,6,P01_trial0007.csv,31
163,participant1,6,6,P01_trial0007.csv,31
164,participant1,6,6,P01_trial0007.csv,31
165,participant1,6,6,P01_trial0007.csv,31
166,participant1,6,6,P01_trial0007.csv,31
167,participant1,6,6,P01_trial0007.csv,31
168,participant1,6,6,P01_trial0007.csv,31
169,participant1,6,6,P01_trial0007.csv,31
170,participant1,6,6,P01_trial0007.csv,31
171,participant1,6,6,P01_trial0007.csv,31
172,participant1,6,6,P01_trial0007.csv,31
173,participant1,6,6,P01_trial0007.csv,31
174,participant1,6,6,P01_trial0007.csv,31
175,participant1,6,6,P01_trial0007.csv,31
176,participant1,6,6,P01_trial0007.csv,31
177,participant1,6,6,P01_trial0007.csv,31
178,participant1,6,6,P01_trial0007.csv,31
179,participant1,6,6,P01_trial0007.csv,31
180,participant1,6,6,P01_trial0007.csv,31
181,participant1,6,6,P01_trial0007.csv,31
182,participant1,7,7,P01_trial0008.csv,31
183,participant1,7,7,P01_trial0008.csv,31
184,participant1,7,7,P01_trial0008.csv,31
185,participant1,7,7,P01_trial0008.csv,31
186,participant1,7,7,P01_trial0008.csv,31
187,participant1,7,7,P01_trial0008.csv,31
188,participant1,7,7,P01_trial0008.csv,31
189,participant1,7,7,P01_trial0008.csv,31
190,participant1,7,7,P01_trial0008.csv,31
191,participant1,7,7,P01_trial0008.csv,31
192,participant1,7,7,P01_trial0008.csv,31
193,participant1,7,7,P01_trial0008.csv,31
194,participant1,7,7,P01_trial0008.csv,31
195,participant1,7,7,P01_trial0008.csv,31
196,participant1,7,7,P01_trial0008.csv,31
197,participant1,7,7,P01_trial0008.csv,31
198,participant1,7,7,P01_trial0008.csv,31
199,participant1,7,7,P01_trial0008.csv,31
200,participant1,7,7,P01_trial0008.csv,31
201,participant1,7,7,P01_trial0008.csv,31
202,participant1,7,7,P01_trial0008.csv,31
203,participant1,7,7,P01_trial0008.csv,31
204,participant1,7,7,P01_trial0008.csv,31
205,participant1,7,7,P01_trial0008.csv,31
206,participant1,8,8,P01_trial0009.csv,31
207,participant1,8,8,P01_trial0009.csv,31
208,participant1,8,8,P01_trial0009.csv,31
209,participant1,8,8,P01_trial0009.csv,31
210,participant1,8,8,P01_trial0009.csv,31
211,participant1,8,8,P01_trial0009.csv,31
212,participant1,8,8,P01_trial0009.csv,31
213,participant1,8,8,P01_trial0009.csv,31
214,participant1,8,8,P01_trial0009.csv,31
215,participant1,8,8,P01_trial0009.csv,31
216,participant1,8,8,P01_trial0009.csv,31
217,participant1,8,8,P01_trial0009.csv,31
218,participant1,8,8,P01_trial0009.csv,31
219,participant1,8,8,P01_trial0009.csv,31
220,participant1,8,8,P01_trial0009.csv,31
221,participant1,8,8,P01_trial0009.csv,31
222,participant1,8,8,P01_trial0009.csv,31
223,participant1,8,8,P01_trial0009.csv,31
224,participant1,8,8,P01_trial0009.csv,31
225,participant1,8,8,P01_trial0009.csv,31
226,participant1,8,8,P01_trial0009.csv,31
227,participant1,8,8,P01_trial0009.csv,31
228,participant1,8,8,P01_trial0009.csv,31
229,participant1,8,8,P01_trial0009.csv,31
230,participant1,8,8,P01_trial0009.csv,31
231,participant1,8,8,P01_trial0009.csv,31
232,participant1,8,8,P01_trial0009.csv,31
233,participant1,8,8,P01_trial0009.csv,31
234,participant2,0,0,P02_trial0001.csv,31
235,participant2,0,0,P02_trial0001.csv,31
236,participant2,0,0,P02_trial0001.csv,31
237,participant2,0,0,P02_trial0001.csv,31
238,participant2,0,0,P02_trial0001.csv,31
239,participant2,0,0,P02_trial0001.csv,31
240,participant2,0,0,P02_trial0001.csv,31
241,participant2,0,0,P02_trial0001.csv,31
242,participant2,0,0,P02_trial0001.csv,31
243,participant2,0,0,P02_trial0001.csv,31
244,participant2,0,0,P02_trial0001.csv,31
245,participant2,0,0,P02_trial0001.csv,31
246,participant2,0,0,P02_trial0001.csv,31
247,participant2,0,0,P02_trial0001.csv,31
248,participant2,0,0,P02_trial0001.csv,31
249,participant2,0,0,P02_trial0001.csv,31
250,participant2,0,0,P02_trial0001.csv,31
251,participant2,0,0,P02_trial0001.csv,31
252,participant2,0,0,P02_trial0001.csv,31
253,participant2,0,0,P02_trial0001.csv,31
254,participant2,0,0,P02_trial0001.csv,31
255,participant2,0,0,P02_trial0001.csv,31
256,participant2,0,0,P02_trial0001.csv,31
257,participant2,0,0,P02_trial0001.csv,31
258,participant2,0,0,P02_trial0001.csv,31
259,participant2,0,0,P02_trial0001.csv,31
260,participant2,0,0,P02_trial0001.csv,31
261,participant2,0,0,P02_trial0001.csv,31
262,participant2,0,0,P02_trial0001.csv,31
263,participant2,0,0,P02_trial0001.csv,31
264,participant2,1,1,P02_trial0002.csv,31
265,participant2,1,1,P02_trial0002.csv,31
266,participant2,1,1,P02_trial0002.csv,31
267,participant2,1,1,P02_trial0002.csv,31
268,participant2,1,1,P02_trial0002.csv,31
269,participant2,1,1,P02_trial0002.csv,31
270,participant2,1,1,P02_trial0002.csv,31
271,participant2,1,1,P02_trial0002.csv,31
272,participant2,1,1,P02_trial0002.csv,31
273,participant2,1,1,P02_trial0002.csv,31
274,participant2,1,1,P02_trial0002.csv,31
275,participant2,1,1,P02_trial0002.csv,31
276,participant2,1,1,P02_trial0002.csv,31
277,participant2,1,1,P02_trial0002.csv,31
278,participant2,1,1,P02_trial0002.csv,31
279,participant2,1,1,P02_trial0002.csv,31
280,participant2,1,1,P02_trial0002.csv,31
281,participant2,1,1,P02_trial0002.csv,31
282,participant2,1,1,P02_trial0002.csv,31
283,participant2,1,1,P02_trial0002.csv,31
284,participant2,1,1,P02_trial0002.csv,31
285,participant2,1,1,P02_trial0002.csv,31
286,participant2,1,1,P02_trial0002.csv,31
287,participant2,1,1,P02_trial0002.csv,31
288,participant2,1,1,P02_trial0002.csv,31
289,participant2,1,1,P02_trial0002.csv,31
290,participant2,1,1,P02_trial0002.csv,31
291,participant2,1,1,P02_trial0002.csv,31
292,participant2,1,1,P02_trial0002.csv,31
293,participant2,2,2,P02_trial0003.csv,31
294,participant2,2,2,P02_trial0003.csv,31
295,participant2,2,2,P02_trial0003.csv,31
296,participant2,2,2,P02_trial0003.csv,31
297,participant2,2,2,P02_trial0003.csv,31
298,participant2,2,2,P02_trial0003.csv,31
299,participant2,2,2,P02_trial0003.csv,31
300,participant2,2,2,P02_trial0003.csv,31
301,participant2,2,2,P02_trial0003.csv,31
302,participant2,2,2,P02_trial0003.csv,31
303,participant2,2,2,P02_trial0003.csv,31
304,participant2,2,2,P02_trial0003.csv,31
305,participant2,2,2,P02_trial0003.csv,31
306,participant2,2,2,P02_trial0003.csv,31
307,participant2,2,2,P02_trial0003.csv,31
308,participant2,2,2,P02_trial0003.csv,31
309,participant2,2,2,P02_trial0003.csv,31
310,participant2,2,2,P02_trial0003.csv,31
311,participant2,2,2,P02_trial0003.csv,31
312,participant2,2,2,P02_trial0003.csv,31
313,participant2,2,2,P02_trial0003.csv,31
314,participant2,2,2,P02_trial0003.csv,31
315,participant2,2,2,P02_trial0003.csv,31
316,participant2,2,2,P02_trial0003.csv,31
317,participant2,2,2,P02_trial0003.csv,31
318,participant2,2,2,P02_trial0003.csv,31
319,participant2,2,2,P02_trial0003.csv,31
320,participant2,2,2,P02_trial0003.csv,31
321,participant2,2,2,P02_trial0003.csv,31
322,participant2,2,2,P02_trial0003.csv,31
323,participant2,2,2,P02_trial0003.csv,31
324,participant2,3,3,P02_trial0004.csv,31
325,participant2,3,3,P02_trial0004.csv,31
326,participant2,3,3,P02_trial0004.csv,31
327,participant2,3,3,P02_trial0004.csv,31
328,participant2,3,3,P02_trial0004.csv,31
329,participant2,3,3,P02_trial0004.csv,31
330,participant2,3,3,P02_trial0004.csv,31
331,participant2,3,3,P02_trial0004.csv,31
332,participant2,3,3,P02_trial0004.csv,31
333,participant2,3,3,P02_trial0004.csv,31
334,participant2,3,3,P02_trial0004.csv,31
335,participant2,3,3,P02_trial0004.csv,31
336,participant2,3,3,P02_trial0004.csv,31
337,participant2,3,3,P02_trial0004.csv,31
338,participant2,3,3,P02_trial0004.csv,31
339,participant2,3,3,P02_trial0004.csv,31
340,participant2,3,3,P02_trial0004.csv,31
341,participant2,3,3,P02_trial0004.csv,31
342,participant2,3,3,P02_trial0004.csv,31
343,participant2,3,3,P02_trial0004.csv,31
344,participant2,3,3,P02_trial0004.csv,31
345,participant2,3,3,P02_trial0004.csv,31
346,participant2,3,3,P02_trial0004.csv,31
347,participant2,3,3,P02_trial0004.csv,31
348,participant2,3,3,P02_trial0004.csv,31
349,participant2,3,3,P02_trial0004.csv,31
350,participant2,3,3,P02_trial0004.csv,31
351,participant2,3,3,P02_trial0004.csv,31
352,participant2,3,3,P02_trial0004.csv,31
353,participant2,3,3,P02_trial0004.csv,31
354,participant2,3,3,P02_trial0004.csv,31
355,participant2,3,3,P02_trial0004.csv,31
356,participant2,4,4,P02_trial0005.csv,31
357,participant2,4,4,P02_trial0005.csv,31
358,participant2,4,4,P02_trial0005.csv,31
359,participant2,4,4,P02_trial0005.csv,31
360,participant2,4,4,P02_trial0005.csv,31
361,participant2,4,4,P02_trial0005.csv,31
362,participant2,4,4,P02_trial0005.csv,31
363,participant2,4,4,P02_trial0005.csv,31
364,participant2,4,4,P02_trial0005.csv,31
365,participant2,4,4,P02_trial0005.csv,31
366,participant2,4,4,P02_trial0005.csv,31
367,participant2,4,4,P02_trial0005.csv,31
368,participant2,4,4,P02_trial0005.csv,31
369,participant2,4,4,P02_trial0005.csv,31
370,participant2,4,4,P02_trial0005.csv,31
371,participant2,4,4,P02_trial0005.csv,31
372,participant2,4,4,P02_trial0005.csv,31
373,participant2,4,4,P02_trial0005.csv,31
374,participant2,4,4,P02_trial0005.csv,31
375,participant2,4,4,P02_trial0005.csv,31
376,participant2,4,4,P02_trial0005.csv,31
377,participant2,4,4,P02_trial0005.csv,31
378,participant2,4,4,P02_trial0005.csv,31
379,participant2,4,4,P02_trial0005.csv,31
380,participant2,4,4,P02_trial0005.csv,31
381,participant2,4,4,P02_trial0005.csv,31
382,participant2,4,4,P02_trial0005.csv,31
383,participant2,4,4,P02_trial0005.csv,31
384,participant2,4,4,P02_trial0005.csv,31
385,participant2,4,4,P02_trial0005.csv,31
386,participant2,5,5,P02_trial0006.csv,31
387,participant2,5,5,P02_trial0006.csv,31
388,participant2,5,5,P02_trial0006.csv,31
389,participant2,5,5,P02_trial0006.csv,31
390,participant2,5,5,P02_trial0006.csv,31
391,participant2,5,5,P02_trial0006.csv,31
392,participant2,5,5,P02_trial0006.csv,31
393,participant2,5,5,P02_trial0006.csv,31
394,participant2,5,5,P02_trial0006.csv,31
395,participant2,5,5,P02_trial0006.csv,31
396,participant2,5,5,P02_trial0006.csv,31
397,participant2,5,5,P02_trial0006.csv,31
398,participant2,5,5,P02_trial0006.csv,31
399,participant2,5,5,P02_trial0006.csv,31
400,participant2,5,5,P02_trial0006.csv,31
401,participant2,5,5,P02_trial0006.csv,31
402,participant2,5,5,P02_trial0006.csv,31
403,participant2,5,5,P02_trial0006.csv,31
404,participant2,5,5,P02_trial0006.csv,31
405,participant2,5,5,P02_trial0006.csv,31
406,participant2,5,5,P02_trial0006.csv,31
407,participant2,5,5,P02_trial0006.csv,31
408,participant2,5,5,P02_trial0006.csv,31
409,participant2,5,5,P02_trial0006.csv,31
410,participant2,5,5,P02_trial0006.csv,31
411,participant2,5,5,P02_trial0006.csv,31
412,participant2,5,5,P02_trial0006.csv,31
413,participant2,5,5,P02_trial0006.csv,31
414,participant2,5,5,P02_trial0006.csv,31
415,participant2,5,5,P02_trial0006.csv,31
416,participant2,5,5,P02_trial0006.csv,31
417,participant2,6,6,P02_trial0007.csv,31
418,participant2,6,6,P02_trial0007.csv,31
419,participant2,6,6,P02_trial0007.csv,31
420,participant2,6,6,P02_trial0007.csv,31
421,participant2,6,6,P02_trial0007.csv,31
422,participant2,6,6,P02_trial0007.csv,31
423,participant2,6,6,P02_trial0007.csv,31
424,participant2,6,6,P02_trial0007.csv,31
425,participant2,6,6,P02_trial0007.csv,31
426,participant2,6,6,P02_trial0007.csv,31
427,participant2,6,6,P02_trial0007.csv,31
428,participant2,6,6,P02_trial0007.csv,31
429,participant2,6,6,P02_trial0007.csv,31
430,participant2,6,6,P02_trial0007.csv,31
431,participant2,6,6,P02_trial0007.csv,31
432,participant2,6,6,P02_trial0007.csv,31
433,participant2,6,6,P02_trial0007.csv,31
434,participant2,6,6,P02_trial0007.csv,31
435,participant2,6,6,P02_trial0007.csv,31
436,participant2,6,6,P02_trial0007.csv,31
437,participant2,6,6,P02_trial0007.csv,31
438,participant2,6,6,P02_trial0007.csv,31
439,participant2,6,6,P02_trial0007.csv,31
440,participant2,6,6,P02_trial0007.csv,31
441,participant2,6,6,P02_trial0007.csv,31
442,participant2,6,6,P02_trial0007.csv,31
443,participant2,6,6,P02_trial0007.csv,31
444,participant2,6,6,P02_trial0007.csv,31
445,participant2,6,6,P02_trial0007.csv,31
446,participant2,6,6,P02_trial0007.csv,31
447,participant2,6,6,P02_trial0007.csv,31
448,participant2,7,7,P02_trial0008.csv,31
449,participant2,7,7,P02_trial0008.csv,31
450,participant2,7,7,P02_trial0008.csv,31
451,participant2,7,7,P02_trial0008.csv,31
452,participant2,7,7,P02_trial0008.csv,31
453,participant2,7,7,P02_trial0008.csv,31
454,participant2,7,7,P02_trial0008.csv,31
455,participant2,7,7,P02_trial0008.csv,31
456,participant2,7,7,P02_trial0008.csv,31
457,participant2,7,7,P02_trial0008.csv,31
458,participant2,7,7,P02_trial0008.csv,31
459,participant2,7,7,P02_trial0008.csv,31
460,participant2,7,7,P02_trial0008.csv,31
461,participant2,7,7,P02_trial0008.csv,31
462,participant2,7,7,P02_trial0008.csv,31
463,participant2,7,7,P02_trial0008.csv,31
464,participant2,7,7,P02_trial0008.csv,31
465,participant2,7,7,P02_trial0008.csv,31
466,participant2,7,7,P02_trial0008.csv,31
467,participant2,7,7,P02_trial0008.csv,31
468,participant2,7,7,P02_trial0008.csv,31
469,participant2,7,7,P02_trial0008.csv,31
470,participant2,7,7,P02_trial0008.csv,31
471,participant2,7,7,P02_trial0008.csv,31
472,participant2,7,7,P02_trial0008.csv,31
473,participant2,7,7,P02_trial0008.csv,31
474,participant2,7,7,P02_trial0008.csv,31
475,participant2,7,7,P02_trial0008.csv,31
476,participant2,8,8,P02_trial0009.csv,31
477,participant2,8,8,P02_trial0009.csv,31
478,participant2,8,8,P02_trial0009.csv,31
479,participant2,8,8,P02_trial0009.csv,31
480,participant2,8,8,P02_trial0009.csv,31
481,participant2,8,8,P02_trial0009.csv,31
482,participant2,8,8,P02_trial0009.csv,31
483,participant2,8,8,P02_trial0009.csv,31
484,participant2,8,8,P02_trial0009.csv,31
485,participant2,8,8,P02_trial0009.csv,31
486,participant2,8,8,P02_trial0009.csv,31
487,participant2,8,8,P02_trial0009.csv,31
488,participant2,8,8,P02_trial0009.csv,31
489,participant2,8,8,P02_trial0009.csv,31
490,participant2,8,8,P02_trial0009.csv,31
491,participant2,8,8,P02_trial0009.csv,31
492,participant2,8,8,P02_trial0009.csv,31
493,participant2,8,8,P02_trial0009.csv,31
494,participant2,8,8,P02_trial0009.csv,31
495,participant2,8,8,P02_trial0009.csv,31
496,participant2,8,8,P02_trial0009.csv,31
497,participant2,8,8,P02_trial0009.csv,31
498,participant2,8,8,P02_trial0009.csv,31
499,participant2,8,8,P02_trial0009.csv,31
500,participant2,8,8,P02_trial0009.csv,31
501,participant2,8,8,P02_trial0009.csv,31
502,participant2,8,8,P02_trial0009.csv,31
503,participant2,8,8,P02_trial0009.csv,31
504,participant2,8,8,P02_trial0009.csv,31
505,participant2,8,8,P02_trial0009.csv,31
506,participant2,8,8,P02_trial0009.csv,31
507,participant2,8,8,P02_trial0009.csv,31
508,participant3,0,0,P03_trial0001.csv,31
509,participant3,0,0,P03_trial0001.csv,31
510,participant3,0,0,P03_trial0001.csv,31
511,participant3,0,0,P03_trial0001.csv,31
512,participant3,0,0,P03_trial0001.csv,31
513,participant3,0,0,P03_trial0001.csv,31
514,participant3,0,0,P03_trial0001.csv,31
515,participant3,0,0,P03_trial0001.csv,31
516,participant3,0,0,P03_trial0001.csv,31
517,participant3,0,0,P03_trial0001.csv,31
518,participant3,0,0,P03_trial0001.csv,31
519,participant3,0,0,P03_trial0001.csv,31
520,participant3,0,0,P03_trial0001.csv,31
521,participant3,0,0,P03_trial0001.csv,31
522,participant3,0,0,P03_trial0001.csv,31
523,participant3,0,0,P03_trial0001.csv,31
524,participant3,0,0,P03_trial0001.csv,31
525,participant3,0,0,P03_trial0001.csv,31
526,participant3,0,0,P03_trial0001.csv,31
527,participant3,0,0,P03_trial0001.csv,31
528,participant3,0,0,P03_trial0001.csv,31
529,participant3,0,0,P03_trial0001.csv,31
530,participant3,0,0,P03_trial0001.csv,31
531,participant3,0,0,P03_trial0001.csv,31
532,participant3,0,0,P03_trial0001.csv,31
533,participant3,0,0,P03_trial0001.csv,31
534,participant3,0,0,P03_trial0001.csv,31
535,participant3,0,0,P03_trial0001.csv,31
536,participant3,0,0,P03_trial0001.csv,31
537,participant3,0,0,P03_trial0001.csv,31
538,participant3,0,0,P03_trial0001.csv,31
539,participant3,0,0,P03_trial0001.csv,31
540,participant3,0,0,P03_trial0001.csv,31
541,participant3,1,1,P03_trial0002.csv,31
542,participant3,1,1,P03_trial0002.csv,31
543,participant3,1,1,P03_trial0002.csv,31
544,participant3,1,1,P03_trial0002.csv,31
545,participant3,1,1,P03_trial0002.csv,31
546,participant3,1,1,P03_trial0002.csv,31
547,participant3,1,1,P03_trial0002.csv,31
548,participant3,1,1,P03_trial0002.csv,31
549,participant3,1,1,P03_trial0002.csv,31
550,participant3,1,1,P03_trial0002.csv,31
551,participant3,1,1,P03_trial0002.csv,31
552,participant3,1,1,P03_trial0002.csv,31
553,participant3,1,1,P03_trial0002.csv,31
554,participant3,1,1,P03_trial0002.csv,31
555,participant3,1,1,P03_trial0002.csv,31
556,participant3,1,1,P03_trial0002.csv,31
557,participant3,1,1,P03_trial0002.csv,31
558,participant3,1,1,P03_trial0002.csv,31
559,participant3,1,1,P03_trial0002.csv,31
560,participant3,1,1,P03_trial0002.csv,31
561,participant3,1,1,P03_trial0002.csv,31
562,participant3,1,1,P03_trial0002.csv,31
563,participant3,1,1,P03_trial0002.csv,31
564,participant3,1,1,P03_trial0002.csv,31
565,participant3,1,1,P03_trial0002.csv,31
566,participant3,1,1,P03_trial0002.csv,31
567,participant3,1,1,P03_trial0002.csv,31
568,participant3,1,1,P03_trial0002.csv,31
569,participant3,1,1,P03_trial0002.csv,31
570,participant3,1,1,P03_trial0002.csv,31
571,participant3,1,1,P03_trial0002.csv,31
572,participant3,1,1,P03_trial0002.csv,31
573,participant3,1,1,P03_trial0002.csv,31
574,participant3,1,1,P03_trial0002.csv,31
575,participant3,1,1,P03_trial0002.csv,31
576,participant3,1,1,P03_trial0002.csv,31
577,participant3,1,1,P03_trial0002.csv,31
578,participant3,1,1,P03_trial0002.csv,31
579,participant3,2,2,P03_trial0003.csv,31
580,participant3,2,2,P03_trial0003.csv,31
581,participant3,2,2,P03_trial0003.csv,31
582,participant3,2,2,P03_trial0003.csv,31
583,participant3,2,2,P03_trial0003.csv,31
584,participant3,2,2,P03_trial0003.csv,31
585,participant3,2,2,P03_trial0003.csv,31
586,participant3,2,2,P03_trial0003.csv,31
587,participant3,2,2,P03_trial0003.csv,31
588,participant3,2,2,P03_trial0003.csv,31
589,participant3,2,2,P03_trial0003.csv,31
590,participant3,2,2,P03_trial0003.csv,31
591,participant3,2,2,P03_trial0003.csv,31
592,participant3,2,2,P03_trial0003.csv,31
593,participant3,2,2,P03_trial0003.csv,31
594,participant3,2,2,P03_trial0003.csv,31
595,participant3,2,2,P03_trial0003.csv,31
596,participant3,2,2,P03_trial0003.csv,31
597,participant3,2,2,P03_trial0003.csv,31
598,participant3,2,2,P03_trial0003.csv,31
599,participant3,2,2,P03_trial0003.csv,31
600,participant3,2,2,P03_trial0003.csv,31
601,participant3,2,2,P03_trial0003.csv,31
602,participant3,2,2,P03_trial0003.csv,31
603,participant3,2,2,P03_trial0003.csv,31
604,participant3,2,2,P03_trial0003.csv,31
605,participant3,2,2,P03_trial0003.csv,31
606,participant3,2,2,P03_trial0003.csv,31
607,participant3,2,2,P03_trial0003.csv,31
608,participant3,2,2,P03_trial0003.csv,31
609,participant3,2,2,P03_trial0003.csv,31
610,participant3,2,2,P03_trial0003.csv,31
611,participant3,2,2,P03_trial0003.csv,31
612,participant3,3,3,P03_trial0004.csv,31
613,participant3,3,3,P03_trial0004.csv,31
614,participant3,3,3,P03_trial0004.csv,31
615,participant3,3,3,P03_trial0004.csv,31
616,participant3,3,3,P03_trial0004.csv,31
617,participant3,3,3,P03_trial0004.csv,31
618,participant3,3,3,P03_trial0004.csv,31
619,participant3,3,3,P03_trial0004.csv,31
620,participant3,3,3,P03_trial0004.csv,31
621,participant3,3,3,P03_trial0004.csv,31
622,participant3,3,3,P03_trial0004.csv,31
623,participant3,3,3,P03_trial0004.csv,31
624,participant3,3,3,P03_trial0004.csv,31
625,participant3,3,3,P03_trial0004.csv,31
626,participant3,3,3,P03_trial0004.csv,31
627,participant3,3,3,P03_trial0004.csv,31
628,participant3,3,3,P03_trial0004.csv,31
629,participant3,3,3,P03_trial0004.csv,31
630,participant3,3,3,P03_trial0004.csv,31
631,participant3,3,3,P03_trial0004.csv,31
632,participant3,3,3,P03_trial0004.csv,31
633,participant3,3,3,P03_trial0004.csv,31
634,participant3,3,3,P03_trial0004.csv,31
635,participant3,3,3,P03_trial0004.csv,31
636,participant3,3,3,P03_trial0004.csv,31
637,participant3,3,3,P03_trial0004.csv,31
638,participant3,3,3,P03_trial0004.csv,31
639,participant3,3,3,P03_trial0004.csv,31
640,participant3,3,3,P03_trial0004.csv,31
641,participant3,3,3,P03_trial0004.csv,31
642,participant3,3,3,P03_trial0004.csv,31
643,participant3,4,4,P03_trial0005.csv,31
644,participant3,4,4,P03_trial0005.csv,31
645,participant3,4,4,P03_trial0005.csv,31
646,participant3,4,4,P03_trial0005.csv,31
647,participant3,4,4,P03_trial0005.csv,31
648,participant3,4,4,P03_trial0005.csv,31
649,participant3,4,4,P03_trial0005.csv,31
650,participant3,4,4,P03_trial0005.csv,31
651,participant3,4,4,P03_trial0005.csv,31
652,participant3,4,4,P03_trial0005.csv,31
653,participant3,4,4,P03_trial0005.csv,31
654,participant3,4,4,P03_trial0005.csv,31
655,participant3,4,4,P03_trial0005.csv,31
656,participant3,4,4,P03_trial0005.csv,31
657,participant3,4,4,P03_trial0005.csv,31
658,participant3,4,4,P03_trial0005.csv,31
659,participant3,4,4,P03_trial0005.csv,31
660,participant3,4,4,P03_trial0005.csv,31
661,participant3,4,4,P03_trial0005.csv,31
662,participant3,4,4,P03_trial0005.csv,31
663,participant3,4,4,P03_trial0005.csv,31
664,participant3,4,4,P03_trial0005.csv,31
665,participant3,4,4,P03_trial0005.csv,31
666,participant3,4,4,P03_trial0005.csv,31
667,participant3,4,4,P03_trial0005.csv,31
668,participant3,4,4,P03_trial0005.csv,31
669,participant3,4,4,P03_trial0005.csv,31
670,participant3,4,4,P03_trial0005.csv,31
671,participant3,4,4,P03_trial0005.csv,31
672,participant3,4,4,P03_trial0005.csv,31
673,participant3,5,5,P03_trial0006.csv,31
674,participant3,5,5,P03_trial0006.csv,31
675,participant3,5,5,P03_trial0006.csv,31
676,participant3,5,5,P03_trial0006.csv,31
677,participant3,5,5,P03_trial0006.csv,31
678,participant3,5,5,P03_trial0006.csv,31
679,participant3,5,5,P03_trial0006.csv,31
680,participant3,5,5,P03_trial0006.csv,31
681,participant3,5,5,P03_trial0006.csv,31
682,participant3,5,5,P03_trial0006.csv,31
683,participant3,5,5,P03_trial0006.csv,31
684,participant3,5,5,P03_trial0006.csv,31
685,participant3,5,5,P03_trial0006.csv,31
686,participant3,5,5,P03_trial0006.csv,31
687,participant3,5,5,P03_trial0006.csv,31
688,participant3,5,5,P03_trial0006.csv,31
689,participant3,5,5,P03_trial0006.csv,31
690,participant3,5,5,P03_trial0006.csv,31
691,participant3,5,5,P03_trial0006.csv,31
692,participant3,5,5,P03_trial0006.csv,31
693,participant3,5,5,P03_trial0006.csv,31
694,participant3,5,5,P03_trial0006.csv,31
695,participant3,5,5,P03_trial0006.csv,31
696,participant3,5,5,P03_trial0006.csv,31
697,participant3,5,5,P03_trial0006.csv,31
698,participant3,5,5,P03_trial0006.csv,31
699,participant3,5,5,P03_trial0006.csv,31
700,participant3,5,5,P03_trial0006.csv,31
701,participant3,5,5,P03_trial0006.csv,31
702,participant3,5,5,P03_trial0006.csv,31
703,participant3,6,6,P03_trial0007.csv,31
704,participant3,6,6,P03_trial0007.csv,31
705,participant3,6,6,P03_trial0007.csv,31
706,participant3,6,6,P03_trial0007.csv,31
707,participant3,6,6,P03_trial0007.csv,31
708,participant3,6,6,P03_trial0007.csv,31
709,participant3,6,6,P03_trial0007.csv,31
710,participant3,6,6,P03_trial0007.csv,31
711,participant3,6,6,P03_trial0007.csv,31
712,participant3,6,6,P03_trial0007.csv,31
713,participant3,6,6,P03_trial0007.csv,31
714,participant3,6,6,P03_trial0007.csv,31
715,participant3,6,6,P03_trial0007.csv,31
716,participant3,6,6,P03_trial0007.csv,31
717,participant3,6,6,P03_trial0007.csv,31
718,participant3,6,6,P03_trial0007.csv,31
719,participant3,6,6,P03_trial0007.csv,31
720,participant3,6,6,P03_trial0007.csv,31
721,participant3,6,6,P03_trial0007.csv,31
722,participant3,6,6,P03_trial0007.csv,31
723,participant3,6,6,P03_trial0007.csv,31
724,participant3,6,6,P03_trial0007.csv,31
725,participant3,6,6,P03_trial0007.csv,31
726,participant3,6,6,P03_trial0007.csv,31
727,participant3,7,7,P03_trial0008.csv,31
728,participant3,7,7,P03_trial0008.csv,31
729,participant3,7,7,P03_trial0008.csv,31
730,participant3,7,7,P03_trial0008.csv,31
731,participant3,7,7,P03_trial0008.csv,31
732,participant3,7,7,P03_trial0008.csv,31
733,participant3,7,7,P03_trial0008.csv,31
734,participant3,7,7,P03_trial0008.csv,31
735,participant3,7,7,P03_trial0008.csv,31
736,participant3,7,7,P03_trial0008.csv,31
737,participant3,7,7,P03_trial0008.csv,31
738,participant3,7,7,P03_trial0008.csv,31
739,participant3,7,7,P03_trial0008.csv,31
740,participant3,7,7,P03_trial0008.csv,31
741,participant3,7,7,P03_trial0008.csv,31
742,participant3,7,7,P03_trial0008.csv,31
743,participant3,7,7,P03_trial0008.csv,31
744,participant3,7,7,P03_trial0008.csv,31
745,participant3,7,7,P03_trial0008.csv,31
746,participant3,7,7,P03_trial0008.csv,31
747,participant3,7,7,P03_trial0008.csv,31
748,participant3,7,7,P03_trial0008.csv,31
749,participant3,7,7,P03_trial0008.csv,31
750,participant3,7,7,P03_trial0008.csv,31
751,participant3,7,7,P03_trial0008.csv,31
752,participant3,8,8,P03_trial0009.csv,31
753,participant3,8,8,P03_trial0009.csv,31
754,participant3,8,8,P03_trial0009.csv,31
755,participant3,8,8,P03_trial0009.csv,31
756,participant3,8,8,P03_trial0009.csv,31
757,participant3,8,8,P03_trial0009.csv,31
758,participant3,8,8,P03_trial0009.csv,31
759,participant3,8,8,P03_trial0009.csv,31
760,participant3,8,8,P03_trial0009.csv,31
761,participant3,8,8,P03_trial0009.csv,31
762,participant3,8,8,P03_trial0009.csv,31
763,participant3,8,8,P03_trial0009.csv,31
764,participant3,8,8,P03_trial0009.csv,31
765,participant3,8,8,P03_trial0009.csv,31
766,participant3,8,8,P03_trial0009.csv,31
767,participant3,8,8,P03_trial0009.csv,31
768,participant3,8,8,P03_trial0009.csv,31
769,participant3,8,8,P03_trial0009.csv,31
770,participant3,8,8,P03_trial0009.csv,31
771,participant3,8,8,P03_trial0009.csv,31
772,participant3,8,8,P03_trial0009.csv,31
773,participant3,8,8,P03_trial0009.csv,31
774,participant3,8,8,P03_trial0009.csv,31
775,participant3,8,8,P03_trial0009.csv,31
776,participant3,8,8,P03_trial0009.csv,31
777,participant3,8,8,P03_trial0009.csv,31
778,participant3,8,8,P03_trial0009.csv,31
779,participant3,8,8,P03_trial0009.csv,31
780,participant4,0,0,P04_trial0001.csv,31
781,participant4,0,0,P04_trial0001.csv,31
782,participant4,0,0,P04_trial0001.csv,31
783,participant4,0,0,P04_trial0001.csv,31
784,participant4,0,0,P04_trial0001.csv,31
785,participant4,0,0,P04_trial0001.csv,31
786,participant4,0,0,P04_trial0001.csv,31
787,participant4,0,0,P04_trial0001.csv,31
788,participant4,0,0,P04_trial0001.csv,31
789,participant4,0,0,P04_trial0001.csv,31
790,participant4,0,0,P04_trial0001.csv,31
791,participant4,0,0,P04_trial0001.csv,31
792,participant4,0,0,P04_trial0001.csv,31
793,participant4,0,0,P04_trial0001.csv,31
794,participant4,0,0,P04_trial0001.csv,31
795,participant4,0,0,P04_trial0001.csv,31
796,participant4,0,0,P04_trial0001.csv,31
797,participant4,0,0,P04_trial0001.csv,31
798,participant4,0,0,P04_trial0001.csv,31
799,participant4,0,0,P04_trial0001.csv,31
800,participant4,0,0,P04_trial0001.csv,31
801,participant4,0,0,P04_trial0001.csv,31
802,participant4,0,0,P04_trial0001.csv,31
803,participant4,0,0,P04_trial0001.csv,31
804,participant4,0,0,P04_trial0001.csv,31
805,participant4,0,0,P04_trial0001.csv,31
806,participant4,0,0,P04_trial0001.csv,31
807,participant4,0,0,P04_trial0001.csv,31
808,participant4,0,0,P04_trial0001.csv,31
809,participant4,1,1,P04_trial0002.csv,31
810,participant4,1,1,P04_trial0002.csv,31
811,participant4,1,1,P04_trial0002.csv,31
812,participant4,1,1,P04_trial0002.csv,31
813,participant4,1,1,P04_trial0002.csv,31
814,participant4,1,1,P04_trial0002.csv,31
815,participant4,1,1,P04_trial0002.csv,31
816,participant4,1,1,P04_trial0002.csv,31
817,participant4,1,1,P04_trial0002.csv,31
818,participant4,1,1,P04_trial0002.csv,31
819,participant4,1,1,P04_trial0002.csv,31
820,participant4,1,1,P04_trial0002.csv,31
821,participant4,1,1,P04_trial0002.csv,31
822,participant4,1,1,P04_trial0002.csv,31
823,participant4,1,1,P04_trial0002.csv,31
824,participant4,1,1,P04_trial0002.csv,31
825,participant4,1,1,P04_trial0002.csv,31
826,participant4,1,1,P04_trial0002.csv,31
827,participant4,1,1,P04_trial0002.csv,31
828,participant4,1,1,P04_trial0002.csv,31
829,participant4,1,1,P04_trial0002.csv,31
830,participant4,1,1,P04_trial0002.csv,31
831,participant4,1,1,P04_trial0002.csv,31
832,participant4,1,1,P04_trial0002.csv,31
833,participant4,1,1,P04_trial0002.csv,31
834,participant4,1,1,P04_trial0002.csv,31
835,participant4,1,1,P04_trial0002.csv,31
836,participant4,1,1,P04_trial0002.csv,31
837,participant4,1,1,P04_trial0002.csv,31
838,participant4,2,2,P04_trial0003.csv,31
839,participant4,2,2,P04_trial0003.csv,31
840,participant4,2,2,P04_trial0003.csv,31
841,participant4,2,2,P04_trial0003.csv,31
842,participant4,2,2,P04_trial0003.csv,31
843,participant4,2,2,P04_trial0003.csv,31
844,participant4,2,2,P04_trial0003.csv,31
845,participant4,2,2,P04_trial0003.csv,31
846,participant4,2,2,P04_trial0003.csv,31
847,participant4,2,2,P04_trial0003.csv,31
848,participant4,2,2,P04_trial0003.csv,31
849,participant4,2,2,P04_trial0003.csv,31
850,participant4,2,2,P04_trial0003.csv,31
851,participant4,2,2,P04_trial0003.csv,31
852,participant4,2,2,P04_trial0003.csv,31
853,participant4,2,2,P04_trial0003.csv,31
854,participant4,2,2,P04_trial0003.csv,31
855,participant4,2,2,P04_trial0003.csv,31
856,participant4,2,2,P04_trial0003.csv,31
857,participant4,2,2,P04_trial0003.csv,31
858,participant4,2,2,P04_trial0003.csv,31
859,participant4,2,2,P04_trial0003.csv,31
860,participant4,2,2,P04_trial0003.csv,31
861,participant4,2,2,P04_trial0003.csv,31
862,participant4,2,2,P04_trial0003.csv,31
863,participant4,2,2,P04_trial0003.csv,31
864,participant4,2,2,P04_trial0003.csv,31
865,participant4,2,2,P04_trial0003.csv,31
866,participant4,2,2,P04_trial0003.csv,31
867,participant4,2,2,P04_trial0003.csv,31
868,participant4,2,2,P04_trial0003.csv,31
869,participant4,3,3,P04_trial0004.csv,31
870,participant4,3,3,P04_trial0004.csv,31
871,participant4,3,3,P04_trial0004.csv,31
872,participant4,3,3,P04_trial0004.csv,31
873,participant4,3,3,P04_trial0004.csv,31
874,participant4,3,3,P04_trial0004.csv,31
875,participant4,3,3,P04_trial0004.csv,31
876,participant4,3,3,P04_trial0004.csv,31
877,participant4,3,3,P04_trial0004.csv,31
878,participant4,3,3,P04_trial0004.csv,31
879,participant4,3,3,P04_trial0004.csv,31
880,participant4,3,3,P04_trial0004.csv,31
881,participant4,3,3,P04_trial0004.csv,31
882,participant4,3,3,P04_trial0004.csv,31
883,participant4,3,3,P04_trial0004.csv,31
884,participant4,3,3,P04_trial0004.csv,31
885,participant4,3,3,P04_trial0004.csv,31
886,participant4,3,3,P04_trial0004.csv,31
887,participant4,3,3,P04_trial0004.csv,31
888,participant4,3,3,P04_trial0004.csv,31
889,participant4,3,3,P04_trial0004.csv,31
890,participant4,3,3,P04_trial0004.csv,31
891,participant4,3,3,P04_trial0004.csv,31
892,participant4,3,3,P04_trial0004.csv,31
893,participant4,3,3,P04_trial0004.csv,31
894,participant4,3,3,P04_trial0004.csv,31
895,participant4,3,3,P04_trial0004.csv,31
896,participant4,3,3,P04_trial0004.csv,31
897,participant4,3,3,P04_trial0004.csv,31
898,participant4,3,3,P04_trial0004.csv,31
899,participant4,4,4,P04_trial0005.csv,31
900,participant4,4,4,P04_trial0005.csv,31
901,participant4,4,4,P04_trial0005.csv,31
902,participant4,4,4,P04_trial0005.csv,31
903,participant4,4,4,P04_trial0005.csv,31
904,participant4,4,4,P04_trial0005.csv,31
905,participant4,4,4,P04_trial0005.csv,31
906,participant4,4,4,P04_trial0005.csv,31
907,participant4,4,4,P04_trial0005.csv,31
908,participant4,4,4,P04_trial0005.csv,31
909,participant4,4,4,P04_trial0005.csv,31
910,participant4,4,4,P04_trial0005.csv,31
911,participant4,4,4,P04_trial0005.csv,31
912,participant4,4,4,P04_trial0005.csv,31
913,participant4,4,4,P04_trial0005.csv,31
914,participant4,4,4,P04_trial0005.csv,31
915,participant4,4,4,P04_trial0005.csv,31
916,participant4,4,4,P04_trial0005.csv,31
917,participant4,4,4,P04_trial0005.csv,31
918,participant4,4,4,P04_trial0005.csv,31
919,participant4,4,4,P04_trial0005.csv,31
920,participant4,4,4,P04_trial0005.csv,31
921,participant4,4,4,P04_trial0005.csv,31
922,participant4,4,4,P04_trial0005.csv,31
923,participant4,4,4,P04_trial0005.csv,31
924,participant4,4,4,P04_trial0005.csv,31
925,participant4,4,4,P04_trial0005.csv,31
926,participant4,4,4,P04_trial0005.csv,31
927,participant4,4,4,P04_trial0005.csv,31
928,participant4,5,5,P04_trial0006.csv,31
929,participant4,5,5,P04_trial0006.csv,31
930,participant4,5,5,P04_trial0006.csv,31
931,participant4,5,5,P04_trial0006.csv,31
932,participant4,5,5,P04_trial0006.csv,31
933,participant4,5,5,P04_trial0006.csv,31
934,participant4,5,5,P04_trial0006.csv,31
935,participant4,5,5,P04_trial0006.csv,31
936,participant4,5,5,P04_trial0006.csv,31
937,participant4,5,5,P04_trial0006.csv,31
938,participant4,5,5,P04_trial0006.csv,31
939,participant4,5,5,P04_trial0006.csv,31
940,participant4,5,5,P04_trial0006.csv,31
941,participant4,5,5,P04_trial0006.csv,31
942,participant4,5,5,P04_trial0006.csv,31
943,participant4,5,5,P04_trial0006.csv,31
944,participant4,5,5,P04_trial0006.csv,31
945,participant4,5,5,P04_trial0006.csv,31
946,participant4,5,5,P04_trial0006.csv,31
947,participant4,5,5,P04_trial0006.csv,31
948,participant4,5,5,P04_trial0006.csv,31
949,participant4,5,5,P04_trial0006.csv,31
950,participant4,5,5,P04_trial0006.csv,31
951,participant4,5,5,P04_trial0006.csv,31
952,participant4,5,5,P04_trial0006.csv,31
953,participant4,5,5,P04_trial0006.csv,31
954,participant4,5,5,P04_trial0006.csv,31
955,participant4,5,5,P04_trial0006.csv,31
956,participant4,5,5,P04_trial0006.csv,31
957,participant4,5,5,P04_trial0006.csv,31
958,participant4,6,6,P04_trial0007.csv,31
959,participant4,6,6,P04_trial0007.csv,31
960,participant4,6,6,P04_trial0007.csv,31
961,participant4,6,6,P04_trial0007.csv,31
962,participant4,6,6,P04_trial0007.csv,31
963,participant4,6,6,P04_trial0007.csv,31
964,participant4,6,6,P04_trial0007.csv,31
965,participant4,6,6,P04_trial0007.csv,31
966,participant4,6,6,P04_trial0007.csv,31
967,participant4,6,6,P04_trial0007.csv,31
968,participant4,6,6,P04_trial0007.csv,31
969,participant4,6,6,P04_trial0007.csv,31
970,participant4,6,6,P04_trial0007.csv,31
971,participant4,6,6,P04_trial0007.csv,31
972,participant4,6,6,P04_trial0007.csv,31
973,participant4,6,6,P04_trial0007.csv,31
974,participant4,6,6,P04_trial0007.csv,31
975,participant4,6,6,P04_trial0007.csv,31
976,participant4,6,6,P04_trial0007.csv,31
977,participant4,6,6,P04_trial0007.csv,31
978,participant4,6,6,P04_trial0007.csv,31
979,participant4,6,6,P04_trial0007.csv,31
980,participant4,6,6,P04_trial0007.csv,31
981,participant4,6,6,P04_trial0007.csv,31
982,participant4,6,6,P04_trial0007.csv,31
983,participant4,6,6,P04_trial0007.csv,31
984,participant4,6,6,P04_trial0007.csv,31
985,participant4,7,7,P04_trial0008.csv,31
986,participant4,7,7,P04_trial0008.csv,31
987,participant4,7,7,P04_trial0008.csv,31
988,participant4,7,7,P04_trial0008.csv,31
989,participant4,7,7,P04_trial0008.csv,31
990,participant4,7,7,P04_trial0008.csv,31
991,participant4,7,7,P04_trial0008.csv,31
992,participant4,7,7,P04_trial0008.csv,31
993,participant4,7,7,P04_trial0008.csv,31
994,participant4,7,7,P04_trial0008.csv,31
995,participant4,7,7,P04_trial0008.csv,31
996,participant4,7,7,P04_trial0008.csv,31
997,participant4,7,7,P04_trial0008.csv,31
998,participant4,7,7,P04_trial0008.csv,31
999,participant4,7,7,P04_trial0008.csv,31
1000,participant4,7,7,P04_trial0008.csv,31
1001,participant4,7,7,P04_trial0008.csv,31
1002,participant4,7,7,P04_trial0008.csv,31
1003,participant4,7,7,P04_trial0008.csv,31
1004,participant4,7,7,P04_trial0008.csv,31
1005,participant4,7,7,P04_trial0008.csv,31
1006,participant4,7,7,P04_trial0008.csv,31
1007,participant4,7,7,P04_trial0008.csv,31
1008,participant4,7,7,P04_trial0008.csv,31
1009,participant4,7,7,P04_trial0008.csv,31
1010,participant4,7,7,P04_trial0008.csv,31
1011,participant4,7,7,P04_trial0008.csv,31
1012,participant4,7,7,P04_trial0008.csv,31
1013,participant4,7,7,P04_trial0008.csv,31
1014,participant4,8,8,P04_trial0009.csv,31
1015,participant4,8,8,P04_trial0009.csv,31
1016,participant4,8,8,P04_trial0009.csv,31
1017,participant4,8,8,P04_trial0009.csv,31
1018,participant4,8,8,P04_trial0009.csv,31
1019,participant4,8,8,P04_trial0009.csv,31
1020,participant4,8,8,P04_trial0009.csv,31
1021,participant4,8,8,P04_trial0009.csv,31
1022,participant4,8,8,P04_trial0009.csv,31
1023,participant4,8,8,P04_trial0009.csv,31
1024,participant4,8,8,P04_trial0009.csv,31
1025,participant4,8,8,P04_trial0009.csv,31
1026,participant4,8,8,P04_trial0009.csv,31
1027,participant4,8,8,P04_trial0009.csv,31
1028,participant4,8,8,P04_trial0009.csv,31
1029,participant4,8,8,P04_trial0009.csv,31
1030,participant4,8,8,P04_trial0009.csv,31
1031,participant4,8,8,P04_trial0009.csv,31
1032,participant4,8,8,P04_trial0009.csv,31
1033,participant4,8,8,P04_trial0009.csv,31
1034,participant4,8,8,P04_trial0009.csv,31
1035,participant4,8,8,P04_trial0009.csv,31
1036,participant4,8,8,P04_trial0009.csv,31
1037,participant4,8,8,P04_trial0009.csv,31
1038,participant4,8,8,P04_trial0009.csv,31
1039,participant4,8,8,P04_trial0009.csv,31
1040,participant4,8,8,P04_trial0009.csv,31
1041,participant4,8,8,P04_trial0009.csv,31
1042,participant5,0,0,P05_trial0001.csv,31
1043,participant5,0,0,P05_trial0001.csv,31
1044,participant5,0,0,P05_trial0001.csv,31
1045,participant5,0,0,P05_trial0001.csv,31
1046,participant5,0,0,P05_trial0001.csv,31
1047,participant5,0,0,P05_trial0001.csv,31
1048,participant5,0,0,P05_trial0001.csv,31
1049,participant5,0,0,P05_trial0001.csv,31
1050,participant5,0,0,P05_trial0001.csv,31
1051,participant5,0,0,P05_trial0001.csv,31
1052,participant5,0,0,P05_trial0001.csv,31
1053,participant5,0,0,P05_trial0001.csv,31
1054,participant5,0,0,P05_trial0001.csv,31
1055,participant5,0,0,P05_trial0001.csv,31
1056,participant5,0,0,P05_trial0001.csv,31
1057,participant5,0,0,P05_trial0001.csv,31
1058,participant5,0,0,P05_trial0001.csv,31
1059,participant5,0,0,P05_trial0001.csv,31
1060,participant5,0,0,P05_trial0001.csv,31
1061,participant5,0,0,P05_trial0001.csv,31
1062,participant5,0,0,P05_trial0001.csv,31
1063,participant5,0,0,P05_trial0001.csv,31
1064,participant5,0,0,P05_trial0001.csv,31
1065,participant5,0,0,P05_trial0001.csv,31
1066,participant5,0,0,P05_trial0001.csv,31
1067,participant5,0,0,P05_trial0001.csv,31
1068,participant5,0,0,P05_trial0001.csv,31
1069,participant5,0,0,P05_trial0001.csv,31
1070,participant5,0,0,P05_trial0001.csv,31
1071,participant5,0,0,P05_trial0001.csv,31
1072,participant5,0,0,P05_trial0001.csv,31
1073,participant5,1,1,P05_trial0002.csv,31
1074,participant5,1,1,P05_trial0002.csv,31
1075,participant5,1,1,P05_trial0002.csv,31
1076,participant5,1,1,P05_trial0002.csv,31
1077,participant5,1,1,P05_trial0002.csv,31
1078,participant5,1,1,P05_trial0002.csv,31
1079,participant5,1,1,P05_trial0002.csv,31
1080,participant5,1,1,P05_trial0002.csv,31
1081,participant5,1,1,P05_trial0002.csv,31
1082,participant5,1,1,P05_trial0002.csv,31
1083,participant5,1,1,P05_trial0002.csv,31
1084,participant5,1,1,P05_trial0002.csv,31
1085,participant5,1,1,P05_trial0002.csv,31
1086,participant5,1,1,P05_trial0002.csv,31
1087,participant5,1,1,P05_trial0002.csv,31
1088,participant5,1,1,P05_trial0002.csv,31
1089,participant5,1,1,P05_trial0002.csv,31
1090,participant5,1,1,P05_trial0002.csv,31
1091,participant5,1,1,P05_trial0002.csv,31
1092,participant5,1,1,P05_trial0002.csv,31
1093,participant5,1,1,P05_trial0002.csv,31
1094,participant5,1,1,P05_trial0002.csv,31
1095,participant5,1,1,P05_trial0002.csv,31
1096,participant5,1,1,P05_trial0002.csv,31
1097,participant5,1,1,P05_trial0002.csv,31
1098,participant5,1,1,P05_trial0002.csv,31
1099,participant5,1,1,P05_trial0002.csv,31
1100,participant5,1,1,P05_trial0002.csv,31
1101,participant5,1,1,P05_trial0002.csv,31
1102,participant5,1,1,P05_trial0002.csv,31
1103,participant5,1,1,P05_trial0002.csv,31
1104,participant5,1,1,P05_trial0002.csv,31
1105,participant5,1,1,P05_trial0002.csv,31
1106,participant5,1,1,P05_trial0002.csv,31
1107,participant5,1,1,P05_trial0002.csv,31
1108,participant5,2,2,P05_trial0003.csv,31
1109,participant5,2,2,P05_trial0003.csv,31
1110,participant5,2,2,P05_trial0003.csv,31
1111,participant5,2,2,P05_trial0003.csv,31
1112,participant5,2,2,P05_trial0003.csv,31
1113,participant5,2,2,P05_trial0003.csv,31
1114,participant5,2,2,P05_trial0003.csv,31
1115,participant5,2,2,P05_trial0003.csv,31
1116,participant5,2,2,P05_trial0003.csv,31
1117,participant5,2,2,P05_trial0003.csv,31
1118,participant5,2,2,P05_trial0003.csv,31
1119,participant5,2,2,P05_trial0003.csv,31
1120,participant5,2,2,P05_trial0003.csv,31
1121,participant5,2,2,P05_trial0003.csv,31
1122,participant5,2,2,P05_trial0003.csv,31
1123,participant5,2,2,P05_trial0003.csv,31
1124,participant5,2,2,P05_trial0003.csv,31
1125,participant5,2,2,P05_trial0003.csv,31
1126,participant5,2,2,P05_trial0003.csv,31
1127,participant5,2,2,P05_trial0003.csv,31
1128,participant5,2,2,P05_trial0003.csv,31
1129,participant5,2,2,P05_trial0003.csv,31
1130,participant5,2,2,P05_trial0003.csv,31
1131,participant5,2,2,P05_trial0003.csv,31
1132,participant5,2,2,P05_trial0003.csv,31
1133,participant5,2,2,P05_trial0003.csv,31
1134,participant5,2,2,P05_trial0003.csv,31
1135,participant5,2,2,P05_trial0003.csv,31
1136,participant5,2,2,P05_trial0003.csv,31
1137,participant5,2,2,P05_trial0003.csv,31
1138,participant5,3,3,P05_trial0004.csv,31
1139,participant5,3,3,P05_trial0004.csv,31
1140,participant5,3,3,P05_trial0004.csv,31
1141,participant5,3,3,P05_trial0004.csv,31
1142,participant5,3,3,P05_trial0004.csv,31
1143,participant5,3,3,P05_trial0004.csv,31
1144,participant5,3,3,P05_trial0004.csv,31
1145,participant5,3,3,P05_trial0004.csv,31
1146,participant5,3,3,P05_trial0004.csv,31
1147,participant5,3,3,P05_trial0004.csv,31
1148,participant5,3,3,P05_trial0004.csv,31
1149,participant5,3,3,P05_trial0004.csv,31
1150,participant5,3,3,P05_trial0004.csv,31
1151,participant5,3,3,P05_trial0004.csv,31
1152,participant5,3,3,P05_trial0004.csv,31
1153,participant5,3,3,P05_trial0004.csv,31
1154,participant5,3,3,P05_trial0004.csv,31
1155,participant5,3,3,P05_trial0004.csv,31
1156,participant5,3,3,P05_trial0004.csv,31
1157,participant5,3,3,P05_trial0004.csv,31
1158,participant5,3,3,P05_trial0004.csv,31
1159,participant5,3,3,P05_trial0004.csv,31
1160,participant5,3,3,P05_trial0004.csv,31
1161,participant5,3,3,P05_trial0004.csv,31
1162,participant5,3,3,P05_trial0004.csv,31
1163,participant5,3,3,P05_trial0004.csv,31
1164,participant5,3,3,P05_trial0004.csv,31
1165,participant5,3,3,P05_trial0004.csv,31
1166,participant5,3,3,P05_trial0004.csv,31
1167,participant5,3,3,P05_trial0004.csv,31
1168,participant5,4,4,P05_trial0005.csv,31
1169,participant5,4,4,P05_trial0005.csv,31
1170,participant5,4,4,P05_trial0005.csv,31
1171,participant5,4,4,P05_trial0005.csv,31
1172,participant5,4,4,P05_trial0005.csv,31
1173,participant5,4,4,P05_trial0005.csv,31
1174,participant5,4,4,P05_trial0005.csv,31
1175,participant5,4,4,P05_trial0005.csv,31
1176,participant5,4,4,P05_trial0005.csv,31
1177,participant5,4,4,P05_trial0005.csv,31
1178,participant5,4,4,P05_trial0005.csv,31
1179,participant5,4,4,P05_trial0005.csv,31
1180,participant5,4,4,P05_trial0005.csv,31
1181,participant5,4,4,P05_trial0005.csv,31
1182,participant5,4,4,P05_trial0005.csv,31
1183,participant5,4,4,P05_trial0005.csv,31
1184,participant5,4,4,P05_trial0005.csv,31
1185,participant5,4,4,P05_trial0005.csv,31
1186,participant5,4,4,P05_trial0005.csv,31
1187,participant5,4,4,P05_trial0005.csv,31
1188,participant5,4,4,P05_trial0005.csv,31
1189,participant5,4,4,P05_trial0005.csv,31
1190,participant5,4,4,P05_trial0005.csv,31
1191,participant5,4,4,P05_trial0005.csv,31
1192,participant5,4,4,P05_trial0005.csv,31
1193,participant5,4,4,P05_trial0005.csv,31
1194,participant5,5,5,P05_trial0006.csv,31
1195,participant5,5,5,P05_trial0006.csv,31
1196,participant5,5,5,P05_trial0006.csv,31
1197,participant5,5,5,P05_trial0006.csv,31
1198,participant5,5,5,P05_trial0006.csv,31
1199,participant5,5,5,P05_trial0006.csv,31
1200,participant5,5,5,P05_trial0006.csv,31
1201,participant5,5,5,P05_trial0006.csv,31
1202,participant5,5,5,P05_trial0006.csv,31
1203,participant5,5,5,P05_trial0006.csv,31
1204,participant5,5,5,P05_trial0006.csv,31
1205,participant5,5,5,P05_trial0006.csv,31
1206,participant5,5,5,P05_trial0006.csv,31
1207,participant5,5,5,P05_trial0006.csv,31
1208,participant5,5,5,P05_trial0006.csv,31
1209,participant5,5,5,P05_trial0006.csv,31
1210,participant5,5,5,P05_trial0006.csv,31
1211,participant5,5,5,P05_trial0006.csv,31
1212,participant5,5,5,P05_trial0006.csv,31
1213,participant5,5,5,P05_trial0006.csv,31
1214,participant5,5,5,P05_trial0006.csv,31
1215,participant5,5,5,P05_trial0006.csv,31
1216,participant5,5,5,P05_trial0006.csv,31
1217,participant5,5,5,P05_trial0006.csv,31
1218,participant5,5,5,P05_trial0006.csv,31
1219,participant5,5,5,P05_trial0006.csv,31
1220,participant5,5,5,P05_trial0006.csv,31
1221,participant5,5,5,P05_trial0006.csv,31
1222,participant5,6,6,P05_trial0007.csv,31
1223,participant5,6,6,P05_trial0007.csv,31
1224,participant5,6,6,P05_trial0007.csv,31
1225,participant5,6,6,P05_trial0007.csv,31
1226,participant5,6,6,P05_trial0007.csv,31
1227,participant5,6,6,P05_trial0007.csv,31
1228,participant5,6,6,P05_trial0007.csv,31
1229,participant5,6,6,P05_trial0007.csv,31
1230,participant5,6,6,P05_trial0007.csv,31
1231,participant5,6,6,P05_trial0007.csv,31
1232,participant5,6,6,P05_trial0007.csv,31
1233,participant5,6,6,P05_trial0007.csv,31
1234,participant5,6,6,P05_trial0007.csv,31
1235,participant5,6,6,P05_trial0007.csv,31
1236,participant5,6,6,P05_trial0007.csv,31
1237,participant5,6,6,P05_trial0007.csv,31
1238,participant5,6,6,P05_trial0007.csv,31
1239,participant5,6,6,P05_trial0007.csv,31
1240,participant5,6,6,P05_trial0007.csv,31
1241,participant5,6,6,P05_trial0007.csv,31
1242,participant5,6,6,P05_trial0007.csv,31
1243,participant5,6,6,P05_trial0007.csv,31
1244,participant5,6,6,P05_trial0007.csv,31
1245,participant5,6,6,P05_trial0007.csv,31
1246,participant5,6,6,P05_trial0007.csv,31
1247,participant5,6,6,P05_trial0007.csv,31
1248,participant5,6,6,P05_trial0007.csv,31
1249,participant5,6,6,P05_trial0007.csv,31
1250,participant5,6,6,P05_trial0007.csv,31
1251,participant5,6,6,P05_trial0007.csv,31
1252,participant5,6,6,P05_trial0007.csv,31
1253,participant5,7,7,P05_trial0008.csv,31
1254,participant5,7,7,P05_trial0008.csv,31
1255,participant5,7,7,P05_trial0008.csv,31
1256,participant5,7,7,P05_trial0008.csv,31
1257,participant5,7,7,P05_trial0008.csv,31
1258,participant5,7,7,P05_trial0008.csv,31
1259,participant5,7,7,P05_trial0008.csv,31
1260,participant5,7,7,P05_trial0008.csv,31
1261,participant5,7,7,P05_trial0008.csv,31
1262,participant5,7,7,P05_trial0008.csv,31
1263,participant5,7,7,P05_trial0008.csv,31
1264,participant5,7,7,P05_trial0008.csv,31
1265,participant5,7,7,P05_trial0008.csv,31
1266,participant5,7,7,P05_trial0008.csv,31
1267,participant5,7,7,P05_trial0008.csv,31
1268,participant5,7,7,P05_trial0008.csv,31
1269,participant5,7,7,P05_trial0008.csv,31
1270,participant5,7,7,P05_trial0008.csv,31
1271,participant5,7,7,P05_trial0008.csv,31
1272,participant5,7,7,P05_trial0008.csv,31
1273,participant5,8,8,P05_trial0009.csv,31
1274,participant5,8,8,P05_trial0009.csv,31
1275,participant5,8,8,P05_trial0009.csv,31
1276,participant5,8,8,P05_trial0009.csv,31
1277,participant5,8,8,P05_trial0009.csv,31
1278,participant5,8,8,P05_trial0009.csv,31
1279,participant5,8,8,P05_trial0009.csv,31
1280,participant5,8,8,P05_trial0009.csv,31
1281,participant5,8,8,P05_trial0009.csv,31
1282,participant5,8,8,P05_trial0009.csv,31
1283,participant5,8,8,P05_trial0009.csv,31
1284,participant5,8,8,P05_trial0009.csv,31
1285,participant5,8,8,P05_trial0009.csv,31
1286,participant5,8,8,P05_trial0009.csv,31
1287,participant5,8,8,P05_trial0009.csv,31
1288,participant5,8,8,P05_trial0009.csv,31
1289,participant5,8,8,P05_trial0009.csv,31
1290,participant5,8,8,P05_trial0009.csv,31
1291,participant5,8,8,P05_trial0009.csv,31
1292,participant5,8,8,P05_trial0009.csv,31
1293,participant5,8,8,P05_trial0009.csv,31
1294,participant5,8,8,P05_trial0009.csv,31
1295,participant5,8,8,P05_trial0009.csv,31
1296,participant5,8,8,P05_trial0009.csv,31
1297,participant5,8,8,P05_trial0009.csv,31
1298,participant5,8,8,P05_trial0009.csv,31
